BlueprintId;Name;Version;MinPriceCents;MinPriceEuro
7462;Dack Fayden Emblem;Regular;0;0.00
7463;Goblin Soldier;Regular;0;0.00
7464;Elemental;Regular;0;0.00
7465;Wurm;Regular;0;0.00
7466;Elf Warrior;Regular;0;0.00
7467;Elephant;Regular;0;0.00
7468;Goblin;Regular;0;0.00
7469;Elemental;Regular;0;0.00
7470;Dragon;Regular;0;0.00
7471;Carnivore;Regular;0;0.00
7472;Zombie;Regular;0;0.00
7473;Serf;Regular;0;0.00
7474;Wall;Regular;0;0.00
7475;Spirit;Regular;0;0.00
7476;Soldier;Regular;0;0.00
7477;Spirit;Regular;0;0.00
7478;Wind-Scarred Crag;Regular;11;0,11
7479;Wasteland;Regular;2243;22,43
7480;Tranquil Cove;Regular;11;0,11
7481;Thornwood Falls;Regular;11;0,11
7482;Swiftwater Cliffs;Regular;11;0,11
7483;Scoured Barrens;Regular;11;0,11
7484;Rugged Highlands;Regular;11;0,11
7485;Mishra's Factory;Regular;11;0,11
7486;Maze of Ith;Regular;589;5,89
7487;Karakas;Regular;1210;12,10
7488;Jungle Hollow;Regular;11;0,11
7489;Dismal Backwater;Regular;11;0,11
7490;Blossoming Sands;Regular;11;0,11
7491;Bloodfell Caves;Regular;11;0,11
7492;Worn Powerstone;Regular;20;0,20
7493;Winter Orb;Regular;915;9,15
7494;Ticking Gnomes;Regular;11;0,11
7495;Sensei's Divining Top;Regular;1907;19,07
7496;Relic of Progenitus;Regular;437;4,37
7497;Prismatic Lens;Regular;15;0,15
7498;Pilgrim's Eye;Regular;11;0,11
7499;Nevinyrral's Disk;Regular;34;0,34
7500;Mindless Automaton;Regular;14;0,14
7501;Millikin;Regular;13;0,13
7502;Mana Crypt;Regular;3851;38,51
7503;Juggernaut;Regular;11;0,11
7504;Isochron Scepter;Regular;910;9,10
7505;Goblin Charbelcher;Regular;16;0,16
7506;Emmessi Tome;Regular;11;0,11
7507;Duplicant;Regular;11;0,11
7508;Chrome Mox;Regular;8562;85,62
7509;Ashnod's Altar;Regular;990;9,90
7510;Torrent of Souls;Regular;11;0,11
7511;Giant Solifuge;Regular;11;0,11
7512;Deathrite Shaman;Regular;626;6,26
7513;Call the Skybreaker;Regular;11;0,11
7514;Zealous Persecution;Regular;12;0,12
7515;Wee Dragonauts;Regular;11;0,11
7516;Void;Regular;11;0,11
7517;Vindicate;Regular;58;0,58
7518;Trygon Predator;Regular;11;0,11
7519;Thunderclap Wyvern;Regular;13;0,13
7520;Sphinx of the Steel Wind;Regular;32;0,32
7521;Shardless Agent;Regular;33;0,33
7522;Shaman of the Pack;Regular;45;0,45
7523;Maelstrom Wanderer;Regular;96;0,96
7524;Goblin Trenches;Regular;11;0,11
7525;Glare of Subdual;Regular;30;0,30
7526;Flame-Kin Zealot;Regular;11;0,11
7527;Extract from Darkness;Regular;14;0,14
7528;Dack Fayden;Regular;356;3,56
7529;Brago, King Eternal;Regular;191;1,91
7530;Bloodbraid Elf;Regular;11;0,11
7531;Baleful Strix;Regular;110;1,10
7532;Armadillo Cloak;Regular;102;1,02
7533;Yavimaya Enchantress;Regular;11;0,11
7534;Xantid Swarm;Regular;122;1,22
7535;Wirewood Symbiote;Regular;26;0,26
7536;Werebear;Regular;11;0,11
7537;Timberwatch Elf;Regular;160;1,60
7538;Thornweald Archer;Regular;11;0,11
7539;Sylvan Might;Regular;11;0,11
7540;Sylvan Library;Regular;2237;22,37
7541;Silvos, Rogue Elemental;Regular;14;0,14
7542;Sentinel Spider;Regular;11;0,11
7543;Seal of Strength;Regular;19;0,19
7544;Roots;Regular;11;0,11
7545;Roar of the Wurm;Regular;21;0,21
7546;Regal Force;Regular;108;1,08
7547;Rancor;Regular;99;0,99
7548;Nimble Mongoose;Regular;11;0,11
7549;Nature's Claim;Regular;42;0,42
7550;Natural Order;Regular;1816;18,16
7551;Lys Alana Huntmaster;Regular;27;0,27
7552;Llanowar Elves;Regular;15;0,15
7553;Invigorate;Regular;24;0,24
7554;Imperious Perfect;Regular;29;0,29
7555;Honden of Life's Web;Regular;56;0,56
7556;Heritage Druid;Regular;210;2,10
7557;Harmonize;Regular;15;0,15
7558;Green Sun's Zenith;Regular;1727;17,27
7559;Gaea's Blessing;Regular;14;0,14
7560;Fog;Regular;19;0,19
7561;Flinthoof Boar;Regular;11;0,11
7562;Emperor Crocodile;Regular;11;0,11
7563;Elvish Vanguard;Regular;67;0,67
7564;Elephant Guide;Regular;11;0,11
7565;Commune with the Gods;Regular;11;0,11
7566;Civic Wayfinder;Regular;11;0,11
7567;Centaur Chieftain;Regular;11;0,11
7568;Brawn;Regular;12;0,12
7569;Argothian Enchantress;Regular;3200;32,00
7570;Ancestral Mask;Regular;234;2,34
7571;Abundant Growth;Regular;11;0,11
7572;Young Pyromancer;Regular;20;0,20
7573;Worldgorger Dragon;Regular;109;1,09
7574;Wildfire Emissary;Regular;11;0,11
7575;Undying Rage;Regular;11;0,11
7576;Tooth and Claw;Regular;12;0,12
7577;Sulfuric Vortex;Regular;90;0,90
7578;Stingscourger;Regular;11;0,11
7579;Sneak Attack;Regular;714;7,14
7580;Siege-Gang Commander;Regular;25;0,25
7581;Seismic Stomp;Regular;11;0,11
7582;Rorix Bladewing;Regular;19;0,19
7583;Reckless Charge;Regular;14;0,14
7584;Pyrokinesis;Regular;361;3,61
7585;Pyroblast;Regular;995;9,95
7586;Price of Progress;Regular;417;4,17
7587;Orcish Oriflamme;Regular;11;0,11
7588;Mogg War Marshal;Regular;11;0,11
7589;Mogg Fanatic;Regular;11;0,11
7590;Kird Ape;Regular;14;0,14
7591;Keldon Marauders;Regular;11;0,11
7592;Keldon Champion;Regular;11;0,11
7593;Honden of Infinite Rage;Regular;70;0,70
7594;Ghitu Slinger;Regular;11;0,11
7595;Gamble;Regular;1127;11,27
7596;Flame Jab;Regular;17;0,17
7597;Firebolt;Regular;11;0,11
7598;Fervent Cathar;Regular;11;0,11
7599;Faithless Looting;Regular;18;0,18
7600;Dualcaster Mage;Regular;445;4,45
7601;Dragon Egg;Regular;11;0,11
7602;Desperate Ravings;Regular;11;0,11
7603;Crater Hellion;Regular;12;0,12
7604;Chain Lightning;Regular;43;0,43
7605;Carbonize;Regular;11;0,11
7606;Burning Vengeance;Regular;11;0,11
7607;Borderland Marauder;Regular;11;0,11
7608;Beetleback Chief;Regular;19;0,19
7609;Battle Squadron;Regular;18;0,18
7610;Avarax;Regular;11;0,11
7611;Wakedancer;Regular;11;0,11
7612;Wake of Vultures;Regular;11;0,11
7613;Visara the Dreadful;Regular;101;1,01
7614;Victimize;Regular;58;0,58
7615;Vampiric Tutor;Regular;4554;45,54
7616;Urborg Uprising;Regular;11;0,11
7617;Twisted Abomination;Regular;11;0,11
7618;Tragic Slip;Regular;16;0,16
7619;Toxic Deluge;Regular;690;6,90
7620;Skulking Ghost;Regular;11;0,11
7621;Sinkhole;Regular;712;7,12
7622;Sengir Autocrat;Regular;19;0,19
7623;Prowling Pangolin;Regular;11;0,11
7624;Plague Witch;Regular;11;0,11
7625;Phyrexian Rager;Regular;11;0,11
7626;Phyrexian Gargantua;Regular;11;0,11
7627;Night's Whisper;Regular;52;0,52
7628;Nekrataal;Regular;11;0,11
7629;Necropotence;Regular;2239;22,39
7630;Nausea;Regular;11;0,11
7631;Malicious Affliction;Regular;185;1,85
7632;Lys Alana Scarblade;Regular;13;0,13
7633;Innocent Blood;Regular;18;0,18
7634;Ichorid;Regular;50;0,50
7635;Hymn to Tourach;Regular;21;0,21
7636;Honden of Night's Reach;Regular;80;0,80
7637;Havoc Demon;Regular;11;0,11
7638;Gravedigger;Regular;11;0,11
7639;Eyeblight's Ending;Regular;11;0,11
7640;Entomb;Regular;1185;11,85
7641;Duress;Regular;11;0,11
7642;Deadbridge Shaman;Regular;11;0,11
7643;Carrion Feeder;Regular;194;1,94
7644;Cabal Therapy;Regular;568;5,68
7645;Braids, Cabal Minion;Regular;37;0,37
7646;Blood Artist;Regular;197;1,97
7647;Blightsoil Druid;Regular;11;0,11
7648;Annihilate;Regular;11;0,11
7649;Animate Dead;Regular;564;5,64
7650;Wonder;Regular;95;0,95
7651;Warden of Evos Isle;Regular;12;0,12
7652;Tidal Wave;Regular;11;0,11
7653;Stupefying Touch;Regular;11;0,11
7654;Sprite Noble;Regular;11;0,11
7655;Silent Departure;Regular;11;0,11
7656;Shoreline Ranger;Regular;11;0,11
7657;Serendib Efreet;Regular;12;0,12
7658;Screeching Skaab;Regular;11;0,11
7659;Quiet Speculation;Regular;11;0,11
7660;Prodigal Sorcerer;Regular;11;0,11
7661;Phyrexian Ingester;Regular;12;0,12
7662;Phantom Monster;Regular;11;0,11
7663;Peregrine Drake;Regular;19;0,19
7664;Oona's Grace;Regular;11;0,11
7665;Mystical Tutor;Regular;1014;10,14
7666;Merfolk Looter;Regular;13;0,13
7667;Memory Lapse;Regular;29;0,29
7668;Man-o'-War;Regular;11;0,11
7669;Jetting Glasskite;Regular;11;0,11
7670;Jace, the Mind Sculptor;Regular;1342;13,42
7671;Inkwell Leviathan;Regular;24;0,24
7672;Hydroblast;Regular;654;6,54
7673;Honden of Seeing Winds;Regular;98;0,98
7674;Glacial Wall;Regular;11;0,11
7675;Giant Tortoise;Regular;11;0,11
7676;Gaseous Form;Regular;11;0,11
7677;Future Sight;Regular;11;0,11
7678;Force of Will;Regular;6572;65,72
7679;Fact or Fiction;Regular;13;0,13
7680;Dream Twist;Regular;11;0,11
7681;Diminishing Returns;Regular;210;2,10
7682;Deep Analysis;Regular;14;0,14
7683;Daze;Regular;128;1,28
7684;Counterspell;Regular;119;1,19
7685;Control Magic;Regular;50;0,50
7686;Cephalid Sage;Regular;11;0,11
7687;Brainstorm;Regular;164;1,64
7688;Arcanis the Omnipotent;Regular;11;0,11
7689;Wrath of God;Regular;218;2,18
7690;Whitemane Lion;Regular;11;0,11
7691;Welkin Guide;Regular;11;0,11
7692;War Priest of Thune;Regular;11;0,11
7693;Wall of Omens;Regular;21;0,21
7694;Unexpectedly Absent;Regular;20;0,20
7695;Swords to Plowshares;Regular;98;0,98
7696;Squadron Hawk;Regular;26;0,26
7697;Soulcatcher;Regular;11;0,11
7698;Shelter;Regular;11;0,11
7699;Serra Angel;Regular;11;0,11
7700;Second Thoughts;Regular;11;0,11
7701;Seal of Cleansing;Regular;11;0,11
7702;Rally the Peasants;Regular;12;0,12
7703;Raise the Alarm;Regular;11;0,11
7704;Pacifism;Regular;11;0,11
7705;Mother of Runes;Regular;914;9,14
7706;Monk Idealist;Regular;11;0,11
7707;Mistral Charger;Regular;11;0,11
7708;Mesa Enchantress;Regular;29;0,29
7709;Kor Hookmaster;Regular;11;0,11
7710;Karmic Guide;Regular;28;0,28
7711;Jareth, Leonine Titan;Regular;11;0,11
7712;Intangible Virtue;Regular;11;0,11
7713;Humble;Regular;11;0,11
7714;Honden of Cleansing Fire;Regular;81;0,81
7715;Glimmerpoint Stag;Regular;11;0,11
7716;Field of Souls;Regular;16;0,16
7717;Faith's Fetters;Regular;11;0,11
7718;Enlightened Tutor;Regular;2535;25,35
7719;Elite Vanguard;Regular;11;0,11
7720;Eight-and-a-Half-Tails;Regular;21;0,21
7721;Coalition Honor Guard;Regular;18;0,18
7722;Calciderm;Regular;11;0,11
7723;Benevolent Bodyguard;Regular;45;0,45
7724;Ballynock Cohort;Regular;11;0,11
7725;Balance;Regular;105;1,05
7726;Aven Riftwatcher;Regular;11;0,11
39979;80 Eternal Masters: "Force of Will" Sleeves;Regular;0;0.00
41681;Eternal Masters: "Force of Will" Playmat;Regular;0;0.00
44663;Eternal Masters: "Force of Will" Deck Box;Regular;0;0.00
48417;Eternal Masters Booster;Regular;0;0.00
48418;Eternal Masters Booster Box;Regular;0;0.00
48419;Eternal Masters Token Set;Regular;0;0.00
48420;Eternal Masters Common Set;Regular;0;0.00
48421;Eternal Masters Uncommon Set;Regular;0;0.00
48422;Eternal Masters Rare Set;Regular;0;0.00
48423;Eternal Masters Mythic Set;Regular;0;0.00
48424;Eternal Masters Complete Set;Regular;0;0.00
